{"data":{"covidRaceDataHomepage":{"aianMortalityRate":171.7001625006409,"asianMortalityRate":95.2399070999451,"blackMortalityRate":178.15602715794162,"latinXMortalityRate":154.10220732542092,"nhpiMortalityRate":143.86498362973188,"otherMortalityRate":96.90061965921018,"twoMortalityRate":17.986042607968745,"whiteMortalityRate":124.38606005016739,"blackLivesLost":73462,"blackPercentOfDeath":0.1497183431566762},"covidRaceDataTimeseries":{"Date":20210307}}}